run_name,model,feature_set,seed,rmse,mae,mape_percent,smape_percent,r2,training_seconds,inference_seconds,inference_ms_per_sample,test_rows
LGBM_F0_seed42,LGBM,F0,42,523.7471236330522,339.5201574242136,1.0697261035035739,1.070652165794347,0.9938139804969729,2.289892500033602,0.06176239997148514,0.012576338825388951,4911
LGBM_F0_seed84,LGBM,F0,84,523.7471236330522,339.5201574242136,1.0697261035035739,1.070652165794347,0.9938139804969729,2.327100700000301,0.08396729995729402,0.017097800846526984,4911
LGBM_F0_seed168,LGBM,F0,168,523.7471236330522,339.5201574242136,1.0697261035035739,1.070652165794347,0.9938139804969729,2.4599909000098705,0.07360380003228784,0.014987538186171418,4911
LGBM_F1_seed42,LGBM,F1,42,463.0962907296166,288.698240973737,0.893728933564292,0.8948469991166628,0.9951637294512401,2.5034297999809496,0.0640696000191383,0.013046141319311404,4911
LGBM_F1_seed84,LGBM,F1,84,463.0962907296166,288.698240973737,0.893728933564292,0.8948469991166628,0.9951637294512401,2.2926551999989897,0.06736669997917488,0.013717511704169188,4911
LGBM_F1_seed168,LGBM,F1,168,463.0962907296166,288.698240973737,0.893728933564292,0.8948469991166628,0.9951637294512401,2.4892084000166506,0.06694579997565597,0.013631806144503354,4911
LGBM_F2_seed42,LGBM,F2,42,470.9012415703059,289.16521749004033,0.8899445903547768,0.8912483902495202,0.9949993362381335,2.534292299998924,0.0646161999902688,0.013157442474092607,4911
LGBM_F2_seed84,LGBM,F2,84,470.9012415703059,289.16521749004033,0.8899445903547768,0.8912483902495202,0.9949993362381335,2.8612408000044525,0.09333900001365691,0.019006108738272635,4911
LGBM_F2_seed168,LGBM,F2,168,470.9012415703059,289.16521749004033,0.8899445903547768,0.8912483902495202,0.9949993362381335,2.8212812999845482,0.08094810001784936,0.016483017718967492,4911
LGBM_F3_seed42,LGBM,F3,42,490.672042848197,288.92341056094097,0.8851162868919645,0.8870318890652359,0.9945706153509228,3.2062202999950387,0.08478699997067451,0.017264711865337918,4911
LGBM_F3_seed84,LGBM,F3,84,490.672042848197,288.92341056094097,0.8851162868919645,0.8870318890652359,0.9945706153509228,3.229360400000587,0.09688319999258965,0.01972779474497855,4911
LGBM_F3_seed168,LGBM,F3,168,490.672042848197,288.92341056094097,0.8851162868919645,0.8870318890652359,0.9945706153509228,3.091986499959603,0.07807430002139881,0.01589784158448357,4911
LGBM_F4_seed42,LGBM,F4,42,520.3076379827711,296.81028007809994,0.9029575272094933,0.9057517586806184,0.9938949618005478,3.592977099993732,0.08627469994826242,0.017567644053810307,4911
LGBM_F4_seed84,LGBM,F4,84,520.3076379827711,296.81028007809994,0.9029575272094933,0.9057517586806184,0.9938949618005478,3.431340500013903,0.07790090003982186,0.01586253309709262,4911
LGBM_F4_seed168,LGBM,F4,168,520.3076379827711,296.81028007809994,0.9029575272094933,0.9057517586806184,0.9938949618005478,4.0965070000384,0.0870437000412494,0.017724231325850007,4911
LSTM_F0_seed42,LSTM,F0,42,2888.7296551342406,2193.803855900657,6.987438732039046,6.986228352705116,0.8118163955113926,535.4890938000171,2.2076883999980055,0.44953948279332223,4911
LSTM_F0_seed84,LSTM,F0,84,2956.9299937714422,2277.476455517588,7.301730680628409,7.281744943183473,0.8028258086742462,440.9699780999799,2.0857596999849193,0.42471181021887994,4911
LSTM_F0_seed168,LSTM,F0,168,2949.719719401328,2278.5439140927256,7.341757833460859,7.305538540639936,0.8037862282213664,911.2350319999969,2.0469193999888375,0.41680297291566637,4911
LSTM_F1_seed42,LSTM,F1,42,471.2864367023478,360.11854645502444,1.2279663007583528,1.2191488539457769,0.9949911518504433,446.7167933000019,1.0416947999619879,0.2121145998700851,4911
LSTM_F1_seed84,LSTM,F1,84,418.11035366691704,311.89146972357975,1.0315319925370567,1.0293537592744606,0.9960576985715941,387.3360271999845,1.0675558000220917,0.21738053350073136,4911
LSTM_F1_seed168,LSTM,F1,168,387.44417184099075,282.2773946561291,0.9286189923574295,0.9293954579691305,0.996614785067845,405.6537718999898,1.0559572000056505,0.2150187741815619,4911
LSTM_F2_seed42,LSTM,F2,42,337.8650112727324,251.51685470118102,0.8208712938985306,0.8207120032360298,0.9974257280664542,1038.9458071999834,1.5287329999846406,0.31128751781401764,4911
LSTM_F2_seed84,LSTM,F2,84,352.8581174395337,261.3139416774842,0.855866665650776,0.854803924835539,0.9971921868177888,1017.9284075999749,1.4821397000341676,0.3017999796445057,4911
LSTM_F2_seed168,LSTM,F2,168,333.94431024825855,249.29639616422318,0.8271846819495428,0.8256153950901072,0.9974851268751426,1022.5909471999621,1.486829300003592,0.30275489717035065,4911
LSTM_F3_seed42,LSTM,F3,42,351.71061070752484,258.275322219889,0.8350862426924576,0.8358116152179188,0.9972104193331686,1026.9363156000036,1.511933899950236,0.30786680919369497,4911
LSTM_F3_seed84,LSTM,F3,84,395.0210563878926,286.5214549448941,0.9091463339541457,0.9101382151190133,0.996481087440547,1046.4545230999938,1.490594700037036,0.3035216249311823,4911
LSTM_F3_seed168,LSTM,F3,168,326.18498462268093,242.73501490595092,0.7969318194540982,0.7959119461153675,0.9976006372430031,1030.9665837000357,1.4893900000024587,0.3032763184692443,4911
LSTM_F4_seed42,LSTM,F4,42,461.864656467152,334.98887024982184,1.0787436461351068,1.0811762484574652,0.9951894199858473,1345.036557400017,2.45294190000277,0.49947910812518226,4911
LSTM_F4_seed84,LSTM,F4,84,398.3616497718003,292.14287123294645,0.9299753156595644,0.9315923205509855,0.9964213186690322,1968.3225371000008,2.4052332999999635,0.4897644675218822,4911
LSTM_F4_seed168,LSTM,F4,168,336.2445551063295,248.34189709644167,0.8215843623722124,0.8198006248403333,0.9974503621132019,2338.731731500011,2.39966190000996,0.4886299938932926,4911
RF_F0_seed42,RF,F0,42,503.5252794392506,346.1822505598848,1.1033219401473147,1.103457216366833,0.9942824424927587,46.47611659998074,0.23098290001507849,0.047033781310339744,4911
RF_F0_seed84,RF,F0,84,503.37124913365335,346.20475772902535,1.1031051295582615,1.103254161533753,0.9942859400030717,46.27768489997834,0.296286600001622,0.060331215638693134,4911
RF_F0_seed168,RF,F0,168,503.7111325263129,346.5330689241728,1.1040832033342878,1.1042285837227632,0.9942782209695654,48.223770799988415,0.37726360000669956,0.0768201181035837,4911
RF_F1_seed42,RF,F1,42,475.93718782753564,321.0314369719025,1.0106804030082062,1.010503736746758,0.994891807401726,46.70003299997188,0.34051010000985116,0.06933620444102039,4911
RF_F1_seed84,RF,F1,84,475.7171875093041,321.342922475591,1.011602717658583,1.0114625967142301,0.9948965287989552,47.34123060002457,0.2722442999947816,0.055435613926854324,4911
RF_F1_seed168,RF,F1,168,475.9980471740975,321.21527728573716,1.0117174032777139,1.0115500332294873,0.9948905009220131,45.40435020002769,0.26551509997807443,0.054065383827748816,4911
RF_F2_seed42,RF,F2,42,460.33109168700634,310.8579554599712,0.9771563676856183,0.977207528851503,0.9952213128280908,48.47815449995687,0.262245999998413,0.053399714925353906,4911
RF_F2_seed84,RF,F2,84,459.96826961021895,310.09968264966625,0.9745516881728422,0.9745846826955875,0.9952288427558321,49.498288100003265,0.3175905999960378,0.0646692323347664,4911
RF_F2_seed168,RF,F2,168,460.48005450159997,310.3879541964584,0.9749106257366642,0.9749749861313137,0.9952182195681282,55.323592000000644,0.3913491999846883,0.07968829158718964,4911
RF_F3_seed42,RF,F3,42,462.635046900871,312.0158770749693,0.9811358168639147,0.9812274747951546,0.9951733585029126,52.25287919997936,0.3232693999889307,0.06582557523700483,4911
RF_F3_seed84,RF,F3,84,462.07581563790797,312.39036483898025,0.9826950767786224,0.9827409491614449,0.9951850202974192,53.016648999997415,0.24802239995915443,0.050503441246009854,4911
RF_F3_seed168,RF,F3,168,463.6146808336571,312.627885790827,0.9824751925214587,0.9826122266904982,0.9951528959461863,55.44226189999608,0.3952762000262737,0.08048792507152794,4911
RF_F4_seed42,RF,F4,42,465.8053614010137,314.381007494582,0.9888440928233284,0.9889970882788673,0.9951069804721453,67.77916419995017,0.3488599000265822,0.07103642843139528,4911
RF_F4_seed84,RF,F4,84,467.47716460195977,314.53144397786525,0.9883215414242432,0.9884922114095777,0.995071794766101,67.9548696000129,0.38219769997522235,0.07782482182350282,4911
RF_F4_seed168,RF,F4,168,469.11186878546437,315.2631262111782,0.9901215507248216,0.990317324109329,0.9950372679743384,65.4675455999677,0.3639042000286281,0.07409981674376463,4911
XGB_F0_seed42,XGB,F0,42,512.3596755027336,346.60732085815005,1.0966551734268324,1.0972802321032382,0.9940800523404011,2.1063558000023477,0.02159149997169152,0.004396558739908678,4911
XGB_F0_seed84,XGB,F0,84,500.722116965544,334.6498704279933,1.05838915753896,1.0588819651736108,0.9943459254235093,1.9105683999950998,0.013735699991229922,0.002796925268016681,4911
XGB_F0_seed168,XGB,F0,168,527.317705864439,357.4007179355019,1.1337146676891179,1.1341031656530391,0.9937293481223276,1.984925500000827,0.013341400015633553,0.0027166361261725825,4911
XGB_F1_seed42,XGB,F1,42,459.47972087386415,293.8628489456068,0.9117456159061976,0.9125694378981684,0.995238972606553,1.9594453000463545,0.012825499987229705,0.0026115862323823464,4911
XGB_F1_seed84,XGB,F1,84,468.023591675827,300.51930455864385,0.932725601246993,0.9336898666558316,0.9950602670217854,2.229088900028728,0.012604699993971735,0.0025666259405358856,4911
XGB_F1_seed168,XGB,F1,168,451.6470989239787,284.84500594965385,0.8805941588719453,0.8816240784536321,0.9953999088942004,1.9296639000531286,0.01314309996087104,0.0026762573734211035,4911
XGB_F2_seed42,XGB,F2,42,461.13446544985914,287.74661991256875,0.8875693637476527,0.8887727472410735,0.9952046186618493,2.006195200025104,0.01281719998223707,0.0026098961478796725,4911
XGB_F2_seed84,XGB,F2,84,456.55779199824104,292.04230259557625,0.907418845628011,0.908224798433269,0.9952993328360542,1.9211235999828205,0.014076199964620173,0.0028662594104296828,4911
XGB_F2_seed168,XGB,F2,168,482.0654895690192,305.5958653882865,0.9451311909306925,0.946243592274068,0.9947594114070869,1.9507173000019975,0.013584200001787394,0.0027660761559330877,4911
XGB_F3_seed42,XGB,F3,42,464.37140057926496,286.3866073928426,0.8818143461920889,0.8831541640854614,0.9951370599819598,2.026368399965577,0.016064000024925917,0.0032710242363929785,4911
XGB_F3_seed84,XGB,F3,84,491.684284786947,305.58694647538687,0.9409438096046012,0.9426543856609685,0.9945481909238024,2.0514052999787964,0.014019499998539686,0.002854713907257114,4911
XGB_F3_seed168,XGB,F3,168,500.02026306107274,307.46821190630726,0.9456408653848694,0.9473177220071725,0.9943617647603752,1.9703537999885157,0.013080100005026907,0.0026634290378796392,4911
XGB_F4_seed42,XGB,F4,42,514.0052410115543,314.96185023098656,0.9661543359581215,0.9683495704030478,0.9940419646220027,2.399532800016459,0.021976899995934218,0.004475035633462476,4911
XGB_F4_seed84,XGB,F4,84,499.4978467870538,303.55646603288534,0.9301319329166342,0.9322251942614488,0.9943735401516767,2.6004536999971606,0.02106229995843023,0.004288800643133828,4911
XGB_F4_seed168,XGB,F4,168,504.3551067839416,307.84231587889434,0.9437177505636425,0.9457649746563989,0.9942635814926061,2.8361069000093266,0.014238899981137365,0.0028993891226099296,4911
